,CSE,ECE,CIVIL,MECH,AGRI
NITAP,"[{'mo': 0, 'fo': 0, 'mr': 0, 'fr': 0, 'pwd': 0}, ['XYZ4393', 'XYZ1003', 'XYZ0208', 'XYZ3309', 'XYZ2904', 'XYZ4588', 'XYZ0417', 'XYZ2126', 'XYZ4270', 'XYZ3826', 'XYZ4378', 'XYZ0091', 'XYZ4654', 'XYZ3786', 'XYZ3656', 'XYZ3722', 'XYZ2708', 'XYZ1357', 'XYZ4653', 'XYZ2891', 'XYZ4035', 'XYZ2586', 'XYZ3641', 'XYZ2498', 'XYZ4522', 'XYZ1670', 'XYZ0972', 'XYZ2892', 'XYZ1760', 'XYZ1621', 'XYZ3892', 'XYZ3254', 'XYZ2052', 'XYZ4613', 'XYZ4432', 'XYZ0379', 'XYZ0813', 'XYZ4327', 'XYZ1683', 'XYZ0508', 'XYZ2449', 'XYZ2236', 'XYZ1167', 'XYZ0575', 'XYZ4743', 'XYZ2245', 'XYZ2251', 'XYZ2954', 'XYZ0147', 'XYZ3114', 'XYZ1167', 'XYZ4266', 'XYZ4022', 'XYZ4061', 'XYZ3507', 'XYZ1827', 'XYZ2659', 'XYZ3435', 'XYZ2661', 'XYZ3751']]","[{'mo': 0, 'fo': 0, 'mr': 0, 'fr': 0, 'pwd': 0}, ['XYZ1764', 'XYZ3311', 'XYZ0111', 'XYZ4113', 'XYZ1033', 'XYZ1661', 'XYZ1282', 'XYZ1723', 'XYZ3772', 'XYZ2147', 'XYZ2649', 'XYZ1997', 'XYZ3825', 'XYZ1640', 'XYZ2424', 'XYZ4305', 'XYZ3202', 'XYZ3006', 'XYZ1984', 'XYZ3495', 'XYZ1224', 'XYZ2271', 'XYZ0528', 'XYZ2492', 'XYZ1890', 'XYZ1522', 'XYZ4725', 'XYZ4103', 'XYZ0025', 'XYZ2440', 'XYZ3304', 'XYZ0905', 'XYZ0891', 'XYZ2756', 'XYZ0723', 'XYZ0528', 'XYZ3788', 'XYZ4015', 'XYZ0847', 'XYZ0713', 'XYZ2579', 'XYZ3939', 'XYZ2342', 'XYZ2879', 'XYZ2470', 'XYZ1372', 'XYZ4514', 'XYZ3511', 'XYZ3322', 'XYZ2361', 'XYZ1798', 'XYZ2009', 'XYZ0333', 'XYZ2328', 'XYZ0289', 'XYZ0946', 'XYZ1285', 'XYZ4801', 'XYZ3227', 'XYZ0005']]","[{'mo': 0, 'fo': 0, 'mr': 0, 'fr': 0, 'pwd': 0}, []]","[{'mo': 0, 'fo': 0, 'mr': 0, 'fr': 0, 'pwd': 0}, ['XYZ1937', 'XYZ4379', 'XYZ4785', 'XYZ1887', 'XYZ4133', 'XYZ2217', 'XYZ2424', 'XYZ4198', 'XYZ2702', 'XYZ3545', 'XYZ0403', 'XYZ0902', 'XYZ3100', 'XYZ4035', 'XYZ3251', 'XYZ4047', 'XYZ1221', 'XYZ3151', 'XYZ2579', 'XYZ4147', 'XYZ2410', 'XYZ4288', 'XYZ2980', 'XYZ2591', 'XYZ0045', 'XYZ1097', 'XYZ2690', 'XYZ4928', 'XYZ2324', 'XYZ0254', 'XYZ4919', 'XYZ1120', 'XYZ1781', 'XYZ4025', 'XYZ2111', 'XYZ1367', 'XYZ0123', 'XYZ3033', 'XYZ4219', 'XYZ1878', 'XYZ2803', 'XYZ1530', 'XYZ4158', 'XYZ3672', 'XYZ2143', 'XYZ4486', 'XYZ1709', 'XYZ2395', 'XYZ2766', 'XYZ2194', 'XYZ2750', 'XYZ3378', 'XYZ3355', 'XYZ2697', 'XYZ2356', 'XYZ3951', 'XYZ2842', 'XYZ3480', 'XYZ3400', 'XYZ2928']]","[{'mo': 0, 'fo': 0, 'mr': 0, 'fr': 0, 'pwd': 0}, ['XYZ1459', 'XYZ0075', 'XYZ4547', 'XYZ3701', 'XYZ3340', 'XYZ3627', 'XYZ1267', 'XYZ1657', 'XYZ4243', 'XYZ3341', 'XYZ2402', 'XYZ4602', 'XYZ4927', 'XYZ3134', 'XYZ1575', 'XYZ1494', 'XYZ2026', 'XYZ1685', 'XYZ3275', 'XYZ4663', 'XYZ4941', 'XYZ2879', 'XYZ0758', 'XYZ4236', 'XYZ4704', 'XYZ4699', 'XYZ4470', 'XYZ0740', 'XYZ4560', 'XYZ2269', 'XYZ3984', 'XYZ2953', 'XYZ3652', 'XYZ1383', 'XYZ0561', 'XYZ4552', 'XYZ1768', 'XYZ3626', 'XYZ2050', 'XYZ2160']]"
NITB,"[{'mo': 0, 'fo': 0, 'mr': 0, 'fr': 0, 'pwd': 0}, ['XYZ4669', 'XYZ3183', 'XYZ1055', 'XYZ3279', 'XYZ4717', 'XYZ1096', 'XYZ3748', 'XYZ3829', 'XYZ1018', 'XYZ3629', 'XYZ2593', 'XYZ0608', 'XYZ2759', 'XYZ0174', 'XYZ2626', 'XYZ0318', 'XYZ3702', 'XYZ3719', 'XYZ0750', 'XYZ1756', 'XYZ4885', 'XYZ4673', 'XYZ2662', 'XYZ0959', 'XYZ4853', 'XYZ3683', 'XYZ4835', 'XYZ0542', 'XYZ4712', 'XYZ0011', 'XYZ0358', 'XYZ4419', 'XYZ4013', 'XYZ2554', 'XYZ2744', 'XYZ3471', 'XYZ4156', 'XYZ4865', 'XYZ2797', 'XYZ4572', 'XYZ0258', 'XYZ0319', 'XYZ4072', 'XYZ0174', 'XYZ4425', 'XYZ2826', 'XYZ3028', 'XYZ3917', 'XYZ2128', 'XYZ3657', 'XYZ3738', 'XYZ0964', 'XYZ1536', 'XYZ3255', 'XYZ0004', 'XYZ4171', 'XYZ2459', 'XYZ3136', 'XYZ4391', 'XYZ0195', 'XYZ1882', 'XYZ3854', 'XYZ3866', 'XYZ4191', 'XYZ3311', 'XYZ4000', 'XYZ0025', 'XYZ4628', 'XYZ3517', 'XYZ0323', 'XYZ3327', 'XYZ0320', 'XYZ4392', 'XYZ1648', 'XYZ4851', 'XYZ3544', 'XYZ0993', 'XYZ3127', 'XYZ2916', 'XYZ3031', 'XYZ1079', 'XYZ3446', 'XYZ2467', 'XYZ1006', 'XYZ2116', 'XYZ1174', 'XYZ4241', 'XYZ4999', 'XYZ0639', 'XYZ1837', 'XYZ0533', 'XYZ2723', 'XYZ0542', 'XYZ2192', 'XYZ1420', 'XYZ4173', 'XYZ2372', 'XYZ0453', 'XYZ1886', 'XYZ0839']]","[{'mo': 0, 'fo': 0, 'mr': 0, 'fr': 0, 'pwd': 0}, ['XYZ3636', 'XYZ2230', 'XYZ1107', 'XYZ3651', 'XYZ3526', 'XYZ4414', 'XYZ0557', 'XYZ0448', 'XYZ0808', 'XYZ2152', 'XYZ1485', 'XYZ2710', 'XYZ0544', 'XYZ2584', 'XYZ0210', 'XYZ0799', 'XYZ2487', 'XYZ2666', 'XYZ2997', 'XYZ1500', 'XYZ3184', 'XYZ0248', 'XYZ2362', 'XYZ1756', 'XYZ2373', 'XYZ0620', 'XYZ4907', 'XYZ1524', 'XYZ4004', 'XYZ4302', 'XYZ4970', 'XYZ4853', 'XYZ3934', 'XYZ0538', 'XYZ4879', 'XYZ3551', 'XYZ1096', 'XYZ3896', 'XYZ0089', 'XYZ3349', 'XYZ4000', 'XYZ4261', 'XYZ3585', 'XYZ4911', 'XYZ1899', 'XYZ4895', 'XYZ1341', 'XYZ2217', 'XYZ1440', 'XYZ0452']]","[{'mo': 0, 'fo': 0, 'mr': 4, 'fr': 1, 'pwd': 2}, ['XYZ1801', 'XYZ0112', 'XYZ3542', 'XYZ1094', 'XYZ2894', 'XYZ3743', 'XYZ0997', 'XYZ3798', 'XYZ2450', 'XYZ4954', 'XYZ2199', 'XYZ0361', 'XYZ1317', 'XYZ2574', 'XYZ0222', 'XYZ3141', 'XYZ2093', 'XYZ3237', 'XYZ0604', 'XYZ1289', 'XYZ2322', 'XYZ4464', 'XYZ2686', 'XYZ3240', 'XYZ0747', 'XYZ1258', 'XYZ4336', 'XYZ1337', 'XYZ3431', 'XYZ0658', 'XYZ2254', 'XYZ4052', 'XYZ4044', 'XYZ2443', 'XYZ2698', 'XYZ2383', 'XYZ1025', 'XYZ3028', 'XYZ0177', 'XYZ3697', 'XYZ2200', 'XYZ2768', 'XYZ4165', 'XYZ2437', 'XYZ2115', 'XYZ4050', 'XYZ2653', 'XYZ4047', 'XYZ3351', 'XYZ0337', 'XYZ1057', 'XYZ2871', 'XYZ2535', 'XYZ1860', 'XYZ3910', 'XYZ3455', 'XYZ4632', 'XYZ0154', 'XYZ3389', 'XYZ0292', 'XYZ4822', 'XYZ1634', 'XYZ0372', 'XYZ3927', 'XYZ2067', 'XYZ4753', 'XYZ2954', 'XYZ3711']]","[{'mo': 0, 'fo': 0, 'mr': 0, 'fr': 0, 'pwd': 1}, ['XYZ2174', 'XYZ3993', 'XYZ1117', 'XYZ1149', 'XYZ4517', 'XYZ0716', 'XYZ4113', 'XYZ2720', 'XYZ1663', 'XYZ1051', 'XYZ0063', 'XYZ1981', 'XYZ1796', 'XYZ3359', 'XYZ2038', 'XYZ4014', 'XYZ0828', 'XYZ1406', 'XYZ4349', 'XYZ0566', 'XYZ0259', 'XYZ2998', 'XYZ4855', 'XYZ1604', 'XYZ4220', 'XYZ4751', 'XYZ3258', 'XYZ3003', 'XYZ1610', 'XYZ4319', 'XYZ3174', 'XYZ4119', 'XYZ0630', 'XYZ0431', 'XYZ1317', 'XYZ0882', 'XYZ1252', 'XYZ0878', 'XYZ1909', 'XYZ4575', 'XYZ4341', 'XYZ1826', 'XYZ4964', 'XYZ3763', 'XYZ1872', 'XYZ0597', 'XYZ1719', 'XYZ2726', 'XYZ1541', 'XYZ1101', 'XYZ4413', 'XYZ1854', 'XYZ4527', 'XYZ4589', 'XYZ2745', 'XYZ0664', 'XYZ1223', 'XYZ2560', 'XYZ1252', 'XYZ1365', 'XYZ4902', 'XYZ0635', 'XYZ1631', 'XYZ0676', 'XYZ2811', 'XYZ0158', 'XYZ1319', 'XYZ3272', 'XYZ3657', 'XYZ0267', 'XYZ3546', 'XYZ3794', 'XYZ3831', 'XYZ0118', 'XYZ1610', 'XYZ1705', 'XYZ4566', 'XYZ0774', 'XYZ1060', 'XYZ4880', 'XYZ1661', 'XYZ1211']]","[{'mo': 0, 'fo': 0, 'mr': 0, 'fr': 0, 'pwd': 3}, ['XYZ1307', 'XYZ0041', 'XYZ1946', 'XYZ1649', 'XYZ1138', 'XYZ3898', 'XYZ2751', 'XYZ4892', 'XYZ1026', 'XYZ4904', 'XYZ2697', 'XYZ1437', 'XYZ3739', 'XYZ0722', 'XYZ1211', 'XYZ2140', 'XYZ1669', 'XYZ4167', 'XYZ4800', 'XYZ1970', 'XYZ2411', 'XYZ0954', 'XYZ4608', 'XYZ3034', 'XYZ4826', 'XYZ3528', 'XYZ4815', 'XYZ4974', 'XYZ2870', 'XYZ0267', 'XYZ3994', 'XYZ0601', 'XYZ4079', 'XYZ0263', 'XYZ0849', 'XYZ0884', 'XYZ4195', 'XYZ0349', 'XYZ3238', 'XYZ1706', 'XYZ0341', 'XYZ2952']]"
NITC,"[{'mo': 0, 'fo': 0, 'mr': 0, 'fr': 0, 'pwd': 1}, ['XYZ0681', 'XYZ2060', 'XYZ4152', 'XYZ0006', 'XYZ1981', 'XYZ4806', 'XYZ0348', 'XYZ2781', 'XYZ0725', 'XYZ2736', 'XYZ1158', 'XYZ1704', 'XYZ0845', 'XYZ4002', 'XYZ2361', 'XYZ2747', 'XYZ0042', 'XYZ0029', 'XYZ4019', 'XYZ2485', 'XYZ3553', 'XYZ0691', 'XYZ1904', 'XYZ1955', 'XYZ0720', 'XYZ4153', 'XYZ2840', 'XYZ4823', 'XYZ0200', 'XYZ0261', 'XYZ1641', 'XYZ4501', 'XYZ2838', 'XYZ3399', 'XYZ0419', 'XYZ2009', 'XYZ2809', 'XYZ3131', 'XYZ1289', 'XYZ2750', 'XYZ2797', 'XYZ4295', 'XYZ3617', 'XYZ4685', 'XYZ4496', 'XYZ2322', 'XYZ3626', 'XYZ4310', 'XYZ3698', 'XYZ0420', 'XYZ0111', 'XYZ1924', 'XYZ0655', 'XYZ0681', 'XYZ3172', 'XYZ3289', 'XYZ0287', 'XYZ1069', 'XYZ1373', 'XYZ3364', 'XYZ0358', 'XYZ2132', 'XYZ1032', 'XYZ2873', 'XYZ2764', 'XYZ0630', 'XYZ2108', 'XYZ3069', 'XYZ0351', 'XYZ1487', 'XYZ4990', 'XYZ1712', 'XYZ1793', 'XYZ4455', 'XYZ2915', 'XYZ4168', 'XYZ4178', 'XYZ4458', 'XYZ1517', 'XYZ1121', 'XYZ4939', 'XYZ0109', 'XYZ0250', 'XYZ2970', 'XYZ1201', 'XYZ4773', 'XYZ1137', 'XYZ2060', 'XYZ0533', 'XYZ0890', 'XYZ1211', 'XYZ3610', 'XYZ3775', 'XYZ4474', 'XYZ4251', 'XYZ3582', 'XYZ2913', 'XYZ3548', 'XYZ4887', 'XYZ0120']]","[{'mo': 0, 'fo': 0, 'mr': 0, 'fr': 0, 'pwd': 0}, []]","[{'mo': 0, 'fo': 0, 'mr': 0, 'fr': 1, 'pwd': 0}, ['XYZ1462', 'XYZ3452', 'XYZ1008', 'XYZ4138', 'XYZ2909', 'XYZ2956', 'XYZ4360', 'XYZ1220', 'XYZ1383', 'XYZ0823', 'XYZ0783', 'XYZ4059', 'XYZ4678', 'XYZ1493', 'XYZ2677', 'XYZ0863', 'XYZ4378', 'XYZ3778', 'XYZ3542', 'XYZ1206', 'XYZ3081', 'XYZ4185', 'XYZ2837', 'XYZ3021', 'XYZ1021', 'XYZ0018', 'XYZ0288', 'XYZ1097', 'XYZ0280', 'XYZ1746', 'XYZ1991', 'XYZ4591', 'XYZ1193', 'XYZ2923', 'XYZ0152', 'XYZ2517', 'XYZ4450', 'XYZ2192', 'XYZ4185', 'XYZ4326', 'XYZ3776', 'XYZ2741', 'XYZ1009', 'XYZ2613', 'XYZ1814', 'XYZ4705', 'XYZ2638', 'XYZ1829', 'XYZ0911', 'XYZ3242', 'XYZ1810', 'XYZ1129', 'XYZ1333', 'XYZ2287', 'XYZ0232', 'XYZ4960', 'XYZ3279', 'XYZ1356', 'XYZ3686']]","[{'mo': 0, 'fo': 0, 'mr': 0, 'fr': 0, 'pwd': 0}, ['XYZ2988', 'XYZ4028', 'XYZ2354', 'XYZ4153', 'XYZ2220', 'XYZ2471', 'XYZ4152', 'XYZ1677', 'XYZ2873', 'XYZ4440', 'XYZ2130', 'XYZ2437', 'XYZ0649', 'XYZ1964', 'XYZ2512', 'XYZ1038', 'XYZ1623', 'XYZ4296', 'XYZ2586', 'XYZ0917', 'XYZ2797', 'XYZ4399', 'XYZ0065', 'XYZ2878', 'XYZ1797', 'XYZ4194', 'XYZ4097', 'XYZ0753', 'XYZ2393', 'XYZ4659', 'XYZ2869', 'XYZ1081', 'XYZ1664', 'XYZ0548', 'XYZ4935', 'XYZ2990', 'XYZ3089', 'XYZ3039', 'XYZ0941', 'XYZ2900', 'XYZ1187', 'XYZ0812', 'XYZ0772', 'XYZ3858', 'XYZ2137', 'XYZ2996', 'XYZ0890', 'XYZ4936', 'XYZ3368', 'XYZ2130']]","[{'mo': 0, 'fo': 0, 'mr': 0, 'fr': 0, 'pwd': 0}, ['XYZ2399', 'XYZ3554', 'XYZ2863', 'XYZ1481', 'XYZ1919', 'XYZ4045', 'XYZ1866', 'XYZ4900', 'XYZ2652', 'XYZ3291', 'XYZ0412', 'XYZ4302', 'XYZ0492', 'XYZ2099', 'XYZ2028', 'XYZ0026', 'XYZ2599', 'XYZ1123', 'XYZ1045', 'XYZ3403', 'XYZ1434', 'XYZ2267', 'XYZ0059', 'XYZ3938', 'XYZ1351', 'XYZ3738', 'XYZ0482', 'XYZ2295', 'XYZ1322', 'XYZ4191', 'XYZ0384', 'XYZ1950', 'XYZ3340', 'XYZ1427', 'XYZ1463', 'XYZ0515', 'XYZ4230', 'XYZ1493', 'XYZ0574', 'XYZ1059', 'XYZ0063', 'XYZ0637', 'XYZ4785', 'XYZ3751', 'XYZ0937', 'XYZ2357', 'XYZ4715', 'XYZ4865', 'XYZ0674', 'XYZ3728']]"
NITG,"[{'mo': 0, 'fo': 0, 'mr': 0, 'fr': 0, 'pwd': 0}, ['XYZ3028', 'XYZ2959', 'XYZ1793', 'XYZ3402', 'XYZ0274', 'XYZ2097', 'XYZ3639', 'XYZ4069', 'XYZ4834', 'XYZ0477', 'XYZ3574', 'XYZ2589', 'XYZ2459', 'XYZ1219', 'XYZ0427', 'XYZ2441', 'XYZ4838', 'XYZ3583', 'XYZ0464', 'XYZ0343', 'XYZ4339', 'XYZ3458', 'XYZ2802', 'XYZ3116', 'XYZ0868', 'XYZ0579', 'XYZ4668', 'XYZ0206', 'XYZ3492', 'XYZ1239', 'XYZ3486', 'XYZ3484', 'XYZ2089', 'XYZ1169', 'XYZ4208', 'XYZ2520', 'XYZ0149', 'XYZ1332', 'XYZ3397', 'XYZ4311', 'XYZ0313', 'XYZ1476', 'XYZ2009', 'XYZ3953', 'XYZ0909', 'XYZ1497', 'XYZ3505', 'XYZ1404', 'XYZ3567', 'XYZ0545', 'XYZ0793', 'XYZ1873', 'XYZ4822', 'XYZ2039', 'XYZ0041', 'XYZ1279', 'XYZ1738', 'XYZ3796', 'XYZ4395', 'XYZ1382', 'XYZ4354', 'XYZ2375', 'XYZ2676', 'XYZ2562', 'XYZ4868', 'XYZ3394', 'XYZ4532', 'XYZ2643', 'XYZ2788', 'XYZ4170', 'XYZ0727', 'XYZ3414', 'XYZ2115', 'XYZ0637', 'XYZ0299', 'XYZ3604', 'XYZ1044', 'XYZ0522', 'XYZ2280', 'XYZ4393', 'XYZ4638', 'XYZ0917', 'XYZ2450', 'XYZ2015', 'XYZ4286', 'XYZ3495', 'XYZ2762', 'XYZ0957', 'XYZ3911', 'XYZ4593', 'XYZ2133', 'XYZ1453', 'XYZ2208', 'XYZ4125', 'XYZ1164', 'XYZ4041', 'XYZ4733', 'XYZ2941', 'XYZ1801', 'XYZ2768']]","[{'mo': 0, 'fo': 0, 'mr': 0, 'fr': 0, 'pwd': 0}, ['XYZ1430', 'XYZ4556', 'XYZ3242', 'XYZ0521', 'XYZ4602', 'XYZ4523', 'XYZ1950', 'XYZ3326', 'XYZ4410', 'XYZ4319', 'XYZ4877', 'XYZ1380', 'XYZ4209', 'XYZ0412', 'XYZ4738', 'XYZ1639', 'XYZ0240', 'XYZ1320', 'XYZ1646', 'XYZ2585', 'XYZ0790', 'XYZ2663', 'XYZ1133', 'XYZ3532', 'XYZ1893', 'XYZ2512', 'XYZ0839', 'XYZ0268', 'XYZ2619', 'XYZ3127', 'XYZ3477', 'XYZ4907', 'XYZ0694', 'XYZ1836', 'XYZ0634', 'XYZ3025', 'XYZ3842', 'XYZ3924', 'XYZ5001', 'XYZ4243', 'XYZ3966', 'XYZ3622', 'XYZ1973', 'XYZ4911', 'XYZ0234']]","[{'mo': 0, 'fo': 0, 'mr': 0, 'fr': 0, 'pwd': 1}, ['XYZ4373', 'XYZ1058', 'XYZ2087', 'XYZ3954', 'XYZ0740', 'XYZ1956', 'XYZ0787', 'XYZ1424', 'XYZ0752', 'XYZ0896', 'XYZ4445', 'XYZ4583', 'XYZ3698', 'XYZ4242', 'XYZ2683', 'XYZ3603', 'XYZ4487', 'XYZ0540', 'XYZ2771', 'XYZ3658', 'XYZ2174', 'XYZ4916', 'XYZ4119', 'XYZ3371', 'XYZ3184', 'XYZ0413', 'XYZ4367', 'XYZ2116', 'XYZ1752', 'XYZ0024', 'XYZ3719', 'XYZ3472', 'XYZ2021', 'XYZ1929', 'XYZ2649', 'XYZ3220', 'XYZ2094', 'XYZ2171', 'XYZ2010', 'XYZ2936', 'XYZ4397', 'XYZ0001', 'XYZ2067', 'XYZ4491', 'XYZ4137', 'XYZ0213', 'XYZ2674', 'XYZ2311', 'XYZ3888', 'XYZ3930', 'XYZ0316', 'XYZ1397', 'XYZ2793', 'XYZ0056', 'XYZ1300', 'XYZ1148', 'XYZ0925', 'XYZ4847', 'XYZ2646', 'XYZ1442', 'XYZ2743', 'XYZ3240', 'XYZ1578', 'XYZ1604', 'XYZ2987', 'XYZ2819', 'XYZ1011', 'XYZ3282', 'XYZ4168', 'XYZ0922', 'XYZ4332', 'XYZ2986', 'XYZ1512', 'XYZ3893', 'XYZ2330', 'XYZ4002', 'XYZ0652', 'XYZ0339', 'XYZ4159', 'XYZ3146', 'XYZ4807', 'XYZ0476', 'XYZ3522', 'XYZ4052', 'XYZ4703', 'XYZ1940', 'XYZ0037', 'XYZ1010', 'XYZ2492', 'XYZ0665', 'XYZ0432', 'XYZ3674', 'XYZ2974', 'XYZ1068', 'XYZ3290', 'XYZ0272', 'XYZ0298', 'XYZ3334', 'XYZ2048', 'XYZ0292', 'XYZ1695', 'XYZ4337', 'XYZ4162', 'XYZ4046', 'XYZ4469', 'XYZ4820', 'XYZ2208', 'XYZ3799', 'XYZ3328', 'XYZ1324', 'XYZ3556', 'XYZ4551', 'XYZ4327', 'XYZ0681', 'XYZ2821', 'XYZ0567', 'XYZ3006', 'XYZ3463', 'XYZ0702']]","[{'mo': 0, 'fo': 0, 'mr': 0, 'fr': 0, 'pwd': 0}, ['XYZ3214', 'XYZ3626', 'XYZ4093', 'XYZ1011', 'XYZ1030', 'XYZ2507', 'XYZ1987', 'XYZ4944', 'XYZ1295', 'XYZ4512', 'XYZ3811', 'XYZ1774', 'XYZ1413', 'XYZ0115', 'XYZ2434', 'XYZ4543', 'XYZ0706', 'XYZ3541', 'XYZ1865', 'XYZ1750', 'XYZ5001', 'XYZ4545', 'XYZ4455', 'XYZ2655', 'XYZ3645', 'XYZ2401', 'XYZ2635', 'XYZ0301', 'XYZ3015', 'XYZ3884', 'XYZ1015', 'XYZ2820', 'XYZ4977', 'XYZ1435', 'XYZ1740', 'XYZ0519', 'XYZ0404', 'XYZ3527', 'XYZ3178', 'XYZ0940', 'XYZ1117', 'XYZ2969', 'XYZ2910', 'XYZ1393', 'XYZ4878', 'XYZ3682', 'XYZ3472', 'XYZ3971', 'XYZ4090', 'XYZ0577', 'XYZ0475', 'XYZ4030', 'XYZ1328', 'XYZ0071', 'XYZ3427']]","[{'mo': 0, 'fo': 0, 'mr': 0, 'fr': 0, 'pwd': 0}, ['XYZ3134', 'XYZ2377', 'XYZ2373', 'XYZ4686', 'XYZ1680', 'XYZ0622', 'XYZ4301', 'XYZ4378', 'XYZ4647', 'XYZ4280', 'XYZ2827', 'XYZ0350', 'XYZ3746', 'XYZ1463', 'XYZ3070', 'XYZ4438', 'XYZ3672', 'XYZ3934', 'XYZ4645', 'XYZ0064', 'XYZ4770', 'XYZ2740', 'XYZ2151', 'XYZ2024', 'XYZ3927', 'XYZ2601', 'XYZ4603', 'XYZ2252', 'XYZ3412', 'XYZ2012', 'XYZ4292', 'XYZ3368', 'XYZ4015', 'XYZ4675', 'XYZ3498', 'XYZ3373', 'XYZ2861', 'XYZ2644', 'XYZ4040', 'XYZ2573', 'XYZ3618', 'XYZ4221', 'XYZ0671', 'XYZ0179', 'XYZ1216', 'XYZ4080', 'XYZ2278', 'XYZ4715', 'XYZ0666', 'XYZ4886', 'XYZ0320', 'XYZ2697', 'XYZ3221', 'XYZ2947', 'XYZ3040']]"
NITK,"[{'mo': 0, 'fo': 0, 'mr': 0, 'fr': 0, 'pwd': 1}, ['XYZ3740', 'XYZ2022', 'XYZ1008', 'XYZ0573', 'XYZ1225', 'XYZ3891', 'XYZ3356', 'XYZ4481', 'XYZ4033', 'XYZ4201', 'XYZ4838', 'XYZ3497', 'XYZ1854', 'XYZ0569', 'XYZ3965', 'XYZ2096', 'XYZ0451', 'XYZ2074', 'XYZ2173', 'XYZ0471', 'XYZ3560', 'XYZ3819', 'XYZ1306', 'XYZ4127', 'XYZ2011', 'XYZ3622', 'XYZ1103', 'XYZ2903', 'XYZ3927', 'XYZ2189', 'XYZ3552', 'XYZ0356', 'XYZ4979', 'XYZ0946', 'XYZ2543', 'XYZ2509', 'XYZ3789', 'XYZ0199', 'XYZ2619', 'XYZ4329', 'XYZ2055', 'XYZ4079', 'XYZ1888', 'XYZ0406', 'XYZ4338', 'XYZ2483', 'XYZ3831', 'XYZ4829', 'XYZ4017', 'XYZ3134', 'XYZ1287', 'XYZ0635', 'XYZ4203', 'XYZ3300', 'XYZ0403', 'XYZ3608', 'XYZ1052', 'XYZ0277', 'XYZ4611', 'XYZ2675', 'XYZ0897', 'XYZ1108', 'XYZ3780', 'XYZ0486', 'XYZ0591', 'XYZ1966', 'XYZ3503', 'XYZ1404', 'XYZ4310', 'XYZ4168', 'XYZ0801', 'XYZ1242', 'XYZ0153', 'XYZ4003', 'XYZ0084', 'XYZ1043', 'XYZ1854', 'XYZ0611', 'XYZ3705', 'XYZ4777', 'XYZ3721', 'XYZ0832', 'XYZ1749', 'XYZ1421', 'XYZ4449', 'XYZ2140', 'XYZ1289', 'XYZ1075', 'XYZ4210', 'XYZ2179', 'XYZ4598', 'XYZ0793', 'XYZ3465', 'XYZ4305', 'XYZ0294', 'XYZ1737', 'XYZ4350', 'XYZ3170', 'XYZ4351', 'XYZ3098', 'XYZ3845', 'XYZ2154', 'XYZ3644', 'XYZ0798', 'XYZ0290', 'XYZ2381', 'XYZ0779', 'XYZ1350', 'XYZ1245', 'XYZ2740', 'XYZ3297', 'XYZ0481', 'XYZ1071', 'XYZ0867', 'XYZ0916', 'XYZ2843', 'XYZ4046', 'XYZ3475', 'XYZ4283']]","[{'mo': 0, 'fo': 0, 'mr': 0, 'fr': 0, 'pwd': 0}, ['XYZ4963', 'XYZ4339', 'XYZ4886', 'XYZ0005', 'XYZ1322', 'XYZ0234', 'XYZ0674', 'XYZ4601', 'XYZ4384', 'XYZ0572', 'XYZ3717', 'XYZ3122', 'XYZ4752', 'XYZ3611', 'XYZ3478', 'XYZ0267', 'XYZ1475', 'XYZ1890', 'XYZ0989', 'XYZ3897', 'XYZ4713', 'XYZ2241', 'XYZ4793', 'XYZ4908', 'XYZ0758', 'XYZ3419', 'XYZ3195', 'XYZ2846', 'XYZ2746', 'XYZ3573', 'XYZ3692', 'XYZ0969', 'XYZ4868', 'XYZ0446', 'XYZ1312', 'XYZ4778', 'XYZ1547', 'XYZ2747', 'XYZ0505', 'XYZ3131', 'XYZ0953', 'XYZ4502', 'XYZ0991', 'XYZ3262', 'XYZ4003', 'XYZ0391', 'XYZ3690', 'XYZ1702', 'XYZ2669', 'XYZ1385', 'XYZ1073', 'XYZ2469', 'XYZ1173', 'XYZ2841', 'XYZ2900', 'XYZ4320', 'XYZ4967', 'XYZ1785', 'XYZ2371', 'XYZ4861']]","[{'mo': 0, 'fo': 0, 'mr': 7, 'fr': 5, 'pwd': 5}, ['XYZ0924', 'XYZ3179', 'XYZ0012', 'XYZ3877', 'XYZ3530', 'XYZ3402', 'XYZ3669', 'XYZ3697', 'XYZ3914', 'XYZ2397', 'XYZ0267', 'XYZ4945', 'XYZ0590', 'XYZ4873', 'XYZ4749', 'XYZ0711', 'XYZ4187', 'XYZ2527', 'XYZ0874', 'XYZ4723', 'XYZ0378', 'XYZ4724', 'XYZ1314', 'XYZ0821', 'XYZ0776', 'XYZ4216', 'XYZ2249', 'XYZ1971', 'XYZ4376', 'XYZ1991', 'XYZ0890', 'XYZ1338', 'XYZ3920', 'XYZ2512', 'XYZ3842', 'XYZ2909', 'XYZ3579', 'XYZ4815', 'XYZ0911', 'XYZ0590', 'XYZ3793', 'XYZ3973', 'XYZ2678', 'XYZ1019', 'XYZ1486', 'XYZ2189', 'XYZ0960', 'XYZ2259', 'XYZ2024', 'XYZ2910', 'XYZ4828', 'XYZ3324', 'XYZ2586', 'XYZ4385', 'XYZ2921', 'XYZ2657', 'XYZ2522', 'XYZ2595', 'XYZ3112', 'XYZ0258', 'XYZ1836', 'XYZ0025', 'XYZ0541', 'XYZ1694', 'XYZ2746', 'XYZ0479', 'XYZ0156', 'XYZ2856', 'XYZ4484', 'XYZ2867', 'XYZ4913', 'XYZ4210', 'XYZ3868']]","[{'mo': 0, 'fo': 0, 'mr': 0, 'fr': 0, 'pwd': 1}, ['XYZ1085', 'XYZ2132', 'XYZ1992', 'XYZ4855', 'XYZ1454', 'XYZ2331', 'XYZ0064', 'XYZ0610', 'XYZ1032', 'XYZ4364', 'XYZ4682', 'XYZ4350', 'XYZ1739', 'XYZ1907', 'XYZ1134', 'XYZ1317', 'XYZ1510', 'XYZ0005', 'XYZ4046', 'XYZ1709', 'XYZ2563', 'XYZ0329', 'XYZ4685', 'XYZ4594', 'XYZ0079', 'XYZ4882', 'XYZ2663', 'XYZ2901', 'XYZ3959', 'XYZ2672', 'XYZ0193', 'XYZ3077', 'XYZ2546', 'XYZ3277', 'XYZ4848', 'XYZ1690', 'XYZ4206', 'XYZ0829', 'XYZ0182', 'XYZ1909', 'XYZ0289', 'XYZ4866', 'XYZ2376', 'XYZ0891', 'XYZ3572', 'XYZ4232', 'XYZ0262', 'XYZ2888', 'XYZ3693', 'XYZ2612', 'XYZ0102', 'XYZ0569', 'XYZ1705', 'XYZ2572', 'XYZ3964', 'XYZ1106', 'XYZ4681', 'XYZ0671', 'XYZ0798', 'XYZ1468', 'XYZ3437', 'XYZ0520', 'XYZ1000', 'XYZ1014', 'XYZ2294', 'XYZ1267', 'XYZ1574', 'XYZ3980', 'XYZ4854', 'XYZ3775', 'XYZ4915', 'XYZ2361', 'XYZ3285', 'XYZ1947', 'XYZ0029', 'XYZ4593', 'XYZ1986', 'XYZ0418', 'XYZ2406', 'XYZ0123', 'XYZ2970', 'XYZ2817', 'XYZ3712', 'XYZ4556', 'XYZ2372', 'XYZ2604', 'XYZ4876', 'XYZ4773', 'XYZ1280', 'XYZ0926', 'XYZ1503', 'XYZ0990', 'XYZ2925', 'XYZ1425', 'XYZ3350', 'XYZ4873', 'XYZ1518', 'XYZ1056', 'XYZ4422', 'XYZ0871', 'XYZ0534', 'XYZ4663', 'XYZ4565', 'XYZ0261', 'XYZ2369', 'XYZ4773', 'XYZ2948', 'XYZ1395', 'XYZ1498', 'XYZ1201', 'XYZ3659', 'XYZ3496', 'XYZ1769', 'XYZ1603', 'XYZ1405', 'XYZ1243', 'XYZ0622', 'XYZ3566', 'XYZ0329']]","[{'mo': 0, 'fo': 0, 'mr': 0, 'fr': 0, 'pwd': 0}, ['XYZ1940', 'XYZ3400', 'XYZ0436', 'XYZ0513', 'XYZ2788', 'XYZ1781', 'XYZ3256', 'XYZ1061', 'XYZ2432', 'XYZ4735', 'XYZ1578', 'XYZ0946', 'XYZ0307', 'XYZ3636', 'XYZ4119', 'XYZ1784', 'XYZ1330', 'XYZ1958', 'XYZ3956', 'XYZ2722', 'XYZ3129', 'XYZ1562', 'XYZ0215', 'XYZ1994', 'XYZ1039', 'XYZ1409', 'XYZ2889', 'XYZ2090', 'XYZ1530', 'XYZ1589', 'XYZ1708', 'XYZ4141', 'XYZ1735', 'XYZ3271', 'XYZ4061', 'XYZ3459', 'XYZ1548', 'XYZ2003', 'XYZ1199', 'XYZ0657', 'XYZ2960', 'XYZ1766', 'XYZ4733', 'XYZ1432', 'XYZ4136', 'XYZ3047', 'XYZ0999', 'XYZ0290', 'XYZ0605', 'XYZ4828', 'XYZ0655', 'XYZ2488', 'XYZ1023', 'XYZ0421', 'XYZ0164', 'XYZ0380', 'XYZ3957', 'XYZ0318', 'XYZ4481', 'XYZ1602']]"
NITT,"[{'mo': 0, 'fo': 0, 'mr': 0, 'fr': 0, 'pwd': 1}, ['XYZ0735', 'XYZ1665', 'XYZ3546', 'XYZ3626', 'XYZ2454', 'XYZ0384', 'XYZ0201', 'XYZ2809', 'XYZ0229', 'XYZ0220', 'XYZ3646', 'XYZ1769', 'XYZ4438', 'XYZ3561', 'XYZ0963', 'XYZ0095', 'XYZ3136', 'XYZ4098', 'XYZ0095', 'XYZ2268', 'XYZ0934', 'XYZ3900', 'XYZ2893', 'XYZ2897', 'XYZ0694', 'XYZ4995', 'XYZ2956', 'XYZ3010', 'XYZ4175', 'XYZ3124', 'XYZ4014', 'XYZ1029', 'XYZ1910', 'XYZ3441', 'XYZ0028', 'XYZ2999', 'XYZ4597', 'XYZ2818', 'XYZ1280', 'XYZ0802', 'XYZ2265', 'XYZ4121', 'XYZ4142', 'XYZ1376', 'XYZ3409', 'XYZ2457', 'XYZ3647', 'XYZ4061', 'XYZ3775', 'XYZ3852', 'XYZ0780', 'XYZ0619', 'XYZ0960', 'XYZ2241', 'XYZ4934', 'XYZ4863', 'XYZ0614', 'XYZ4051', 'XYZ4732', 'XYZ4489', 'XYZ4478', 'XYZ2756', 'XYZ2015', 'XYZ1552', 'XYZ3920', 'XYZ4247', 'XYZ2384', 'XYZ2664', 'XYZ1204', 'XYZ1753', 'XYZ4168', 'XYZ2347', 'XYZ3483', 'XYZ1135', 'XYZ3390', 'XYZ2404', 'XYZ1609', 'XYZ3960', 'XYZ3929', 'XYZ2608', 'XYZ4156', 'XYZ3180', 'XYZ0625', 'XYZ3621', 'XYZ4328', 'XYZ4350', 'XYZ2136', 'XYZ2245', 'XYZ1085', 'XYZ4041', 'XYZ2503', 'XYZ2703', 'XYZ2561', 'XYZ1239', 'XYZ0828', 'XYZ3789', 'XYZ0756', 'XYZ1061', 'XYZ4891', 'XYZ3420', 'XYZ1841', 'XYZ3331', 'XYZ3805', 'XYZ1277', 'XYZ1122', 'XYZ0910', 'XYZ2276', 'XYZ4278', 'XYZ2265', 'XYZ2912', 'XYZ3379', 'XYZ3259', 'XYZ2536', 'XYZ0158', 'XYZ4770', 'XYZ0217', 'XYZ0372', 'XYZ2594', 'XYZ0950']]","[{'mo': 0, 'fo': 0, 'mr': 0, 'fr': 0, 'pwd': 0}, []]","[{'mo': 0, 'fo': 0, 'mr': 12, 'fr': 4, 'pwd': 5}, ['XYZ2690', 'XYZ3585', 'XYZ0104', 'XYZ1435', 'XYZ1799', 'XYZ4871', 'XYZ1031', 'XYZ1175', 'XYZ3486', 'XYZ0461', 'XYZ4211', 'XYZ2062', 'XYZ2364', 'XYZ1667', 'XYZ1981', 'XYZ4241', 'XYZ2503', 'XYZ0593', 'XYZ2051', 'XYZ2958', 'XYZ1372', 'XYZ0530', 'XYZ1554', 'XYZ2413', 'XYZ3687', 'XYZ2895', 'XYZ3872', 'XYZ0959', 'XYZ1432', 'XYZ4130', 'XYZ1490', 'XYZ3712', 'XYZ2788', 'XYZ2870', 'XYZ0218', 'XYZ3762', 'XYZ3736', 'XYZ1743', 'XYZ1590', 'XYZ0147', 'XYZ0902', 'XYZ3458', 'XYZ2385', 'XYZ3516', 'XYZ1571', 'XYZ2868', 'XYZ1805', 'XYZ1860', 'XYZ1926', 'XYZ4190', 'XYZ2619', 'XYZ1726', 'XYZ3241', 'XYZ4721', 'XYZ2560', 'XYZ4892', 'XYZ4256', 'XYZ1923', 'XYZ4752', 'XYZ4071', 'XYZ3140', 'XYZ2422', 'XYZ2046', 'XYZ3648', 'XYZ1258', 'XYZ4789', 'XYZ3170', 'XYZ3457', 'XYZ0378']]","[{'mo': 0, 'fo': 0, 'mr': 0, 'fr': 0, 'pwd': 0}, ['XYZ1208', 'XYZ4071', 'XYZ3892', 'XYZ3537', 'XYZ2536', 'XYZ3179', 'XYZ0549', 'XYZ3476', 'XYZ1677', 'XYZ0932', 'XYZ2950', 'XYZ1140', 'XYZ0658', 'XYZ0584', 'XYZ1451', 'XYZ4332', 'XYZ4297', 'XYZ3507', 'XYZ3559', 'XYZ1165', 'XYZ1427', 'XYZ1528', 'XYZ3661', 'XYZ3178', 'XYZ0357', 'XYZ0853', 'XYZ1017', 'XYZ3722', 'XYZ2691', 'XYZ4050']]","[{'mo': 0, 'fo': 0, 'mr': 0, 'fr': 0, 'pwd': 0}, []]"
VNIT,"[{'mo': 0, 'fo': 0, 'mr': 0, 'fr': 0, 'pwd': 0}, ['XYZ0077', 'XYZ0084', 'XYZ1399', 'XYZ2120', 'XYZ1164', 'XYZ3470', 'XYZ3507', 'XYZ1491', 'XYZ2045', 'XYZ1641', 'XYZ3637', 'XYZ1150', 'XYZ4585', 'XYZ0511', 'XYZ2890', 'XYZ2030', 'XYZ4959', 'XYZ0004', 'XYZ1213', 'XYZ0764', 'XYZ4447', 'XYZ1411', 'XYZ0595', 'XYZ2237', 'XYZ2814', 'XYZ0023', 'XYZ2608', 'XYZ1206', 'XYZ4830', 'XYZ2355', 'XYZ1926', 'XYZ3587', 'XYZ1894', 'XYZ2871', 'XYZ1432', 'XYZ0788', 'XYZ3249', 'XYZ3635', 'XYZ3347', 'XYZ3801', 'XYZ2006', 'XYZ4597', 'XYZ2621', 'XYZ3050', 'XYZ3798', 'XYZ2581', 'XYZ0180', 'XYZ0617', 'XYZ2578', 'XYZ2061', 'XYZ2370', 'XYZ0472', 'XYZ4693', 'XYZ2307', 'XYZ2903', 'XYZ0149', 'XYZ3654', 'XYZ1615', 'XYZ1689', 'XYZ0310', 'XYZ4326', 'XYZ1786', 'XYZ1044', 'XYZ4423', 'XYZ0365', 'XYZ2453', 'XYZ2100', 'XYZ0017', 'XYZ0970', 'XYZ2336', 'XYZ1961', 'XYZ4937', 'XYZ2043', 'XYZ2369', 'XYZ3481', 'XYZ3153', 'XYZ3037', 'XYZ4314', 'XYZ0678', 'XYZ3814', 'XYZ0974', 'XYZ4010', 'XYZ1931', 'XYZ3748', 'XYZ3796', 'XYZ2672', 'XYZ0703', 'XYZ0020', 'XYZ0740', 'XYZ2025', 'XYZ2483', 'XYZ3751', 'XYZ2065', 'XYZ2321', 'XYZ4133', 'XYZ4009', 'XYZ2186', 'XYZ1309', 'XYZ0401', 'XYZ4382', 'XYZ2038', 'XYZ2139', 'XYZ2767', 'XYZ3674', 'XYZ1912', 'XYZ4146', 'XYZ1446', 'XYZ0507', 'XYZ2505', 'XYZ0575', 'XYZ0699']]","[{'mo': 0, 'fo': 0, 'mr': 0, 'fr': 0, 'pwd': 4}, ['XYZ3466', 'XYZ4074', 'XYZ2051', 'XYZ2432', 'XYZ4574', 'XYZ0153', 'XYZ4422', 'XYZ4671', 'XYZ2137', 'XYZ0199', 'XYZ4520', 'XYZ3925', 'XYZ4456', 'XYZ1938', 'XYZ2784', 'XYZ3687', 'XYZ1774', 'XYZ0015', 'XYZ4652', 'XYZ4372', 'XYZ2142', 'XYZ2050', 'XYZ3597', 'XYZ2570', 'XYZ1316', 'XYZ3295', 'XYZ2144', 'XYZ2761', 'XYZ1993', 'XYZ0022', 'XYZ3286', 'XYZ0567', 'XYZ2378', 'XYZ4940', 'XYZ3847', 'XYZ2528', 'XYZ0484', 'XYZ2294', 'XYZ0346', 'XYZ0022', 'XYZ3728', 'XYZ1137', 'XYZ4557', 'XYZ1757', 'XYZ1674', 'XYZ4100', 'XYZ2828', 'XYZ4968', 'XYZ3238', 'XYZ2011', 'XYZ1512', 'XYZ1565', 'XYZ2190', 'XYZ1962', 'XYZ0297', 'XYZ2622', 'XYZ0033', 'XYZ2437', 'XYZ1877', 'XYZ0465', 'XYZ2128', 'XYZ1478', 'XYZ0137', 'XYZ0180', 'XYZ1868', 'XYZ2803', 'XYZ4547', 'XYZ2349', 'XYZ4339', 'XYZ3716', 'XYZ1125', 'XYZ1785', 'XYZ2840', 'XYZ3665', 'XYZ4689', 'XYZ4552', 'XYZ4370', 'XYZ1517', 'XYZ1874', 'XYZ1630', 'XYZ3114', 'XYZ3013', 'XYZ1290', 'XYZ3325', 'XYZ3085', 'XYZ4707', 'XYZ4817', 'XYZ3177', 'XYZ0595', 'XYZ1846', 'XYZ2783', 'XYZ1583', 'XYZ4960', 'XYZ0713', 'XYZ0917', 'XYZ2810', 'XYZ2497', 'XYZ4428', 'XYZ4085', 'XYZ1557', 'XYZ4043', 'XYZ3138', 'XYZ3013', 'XYZ3952', 'XYZ2411', 'XYZ4190', 'XYZ4157', 'XYZ1375', 'XYZ1921', 'XYZ0168', 'XYZ1338', 'XYZ2910', 'XYZ4517', 'XYZ1399', 'XYZ0158', 'XYZ2167']]","[{'mo': 0, 'fo': 0, 'mr': 4, 'fr': 3, 'pwd': 5}, ['XYZ0031', 'XYZ2038', 'XYZ3004', 'XYZ3840', 'XYZ1399', 'XYZ0582', 'XYZ3821', 'XYZ4245', 'XYZ2823', 'XYZ1574', 'XYZ1437', 'XYZ3787', 'XYZ0295', 'XYZ3440', 'XYZ1591', 'XYZ3771', 'XYZ0409', 'XYZ4603', 'XYZ2170', 'XYZ4165', 'XYZ2829', 'XYZ2134', 'XYZ4954', 'XYZ0087', 'XYZ4568', 'XYZ2164', 'XYZ4484', 'XYZ0994', 'XYZ0719', 'XYZ2624', 'XYZ2204', 'XYZ3005', 'XYZ1737', 'XYZ1185', 'XYZ2953', 'XYZ3382', 'XYZ2037', 'XYZ0483', 'XYZ1772', 'XYZ2746', 'XYZ4417', 'XYZ1911', 'XYZ2284', 'XYZ0112', 'XYZ4542', 'XYZ1687', 'XYZ2588', 'XYZ4265', 'XYZ4093', 'XYZ0217', 'XYZ3708', 'XYZ1293', 'XYZ1799', 'XYZ1083', 'XYZ0514', 'XYZ1177', 'XYZ0509', 'XYZ1436', 'XYZ3188', 'XYZ0276', 'XYZ1147', 'XYZ1946', 'XYZ3861', 'XYZ2808', 'XYZ0201', 'XYZ0072', 'XYZ4416', 'XYZ4600', 'XYZ0665', 'XYZ3624', 'XYZ1330', 'XYZ4573', 'XYZ3086', 'XYZ2992', 'XYZ1682', 'XYZ2298', 'XYZ1638', 'XYZ0494']]","[{'mo': 0, 'fo': 0, 'mr': 0, 'fr': 0, 'pwd': 2}, ['XYZ4210', 'XYZ0304', 'XYZ4720', 'XYZ0535', 'XYZ2172', 'XYZ1933', 'XYZ4900', 'XYZ2985', 'XYZ3557', 'XYZ0669', 'XYZ1058', 'XYZ2674', 'XYZ1979', 'XYZ4489', 'XYZ4343', 'XYZ2327', 'XYZ4910', 'XYZ1210', 'XYZ3862', 'XYZ0227', 'XYZ2586', 'XYZ3346', 'XYZ1545', 'XYZ2313', 'XYZ0792', 'XYZ4346', 'XYZ2288', 'XYZ0916', 'XYZ3816', 'XYZ1084', 'XYZ4034', 'XYZ0316', 'XYZ4645', 'XYZ4531', 'XYZ1790', 'XYZ4690', 'XYZ1073', 'XYZ3937', 'XYZ4967', 'XYZ0875', 'XYZ2759', 'XYZ4080', 'XYZ2591', 'XYZ2156', 'XYZ0818', 'XYZ2230', 'XYZ3074', 'XYZ0241', 'XYZ1333', 'XYZ1031', 'XYZ4318', 'XYZ0760', 'XYZ2648', 'XYZ4676', 'XYZ0914', 'XYZ3149', 'XYZ0664', 'XYZ2003', 'XYZ0598', 'XYZ3806', 'XYZ2158', 'XYZ3183', 'XYZ0494', 'XYZ4465', 'XYZ0563', 'XYZ2916', 'XYZ4445', 'XYZ3900', 'XYZ3971', 'XYZ1592', 'XYZ0506', 'XYZ1455', 'XYZ0047', 'XYZ4907', 'XYZ1180', 'XYZ1668', 'XYZ1973', 'XYZ4200', 'XYZ0350', 'XYZ0493', 'XYZ1225', 'XYZ2567', 'XYZ4011']]","[{'mo': 0, 'fo': 0, 'mr': 0, 'fr': 0, 'pwd': 1}, ['XYZ2310', 'XYZ3776', 'XYZ3395', 'XYZ1608', 'XYZ1564', 'XYZ0687', 'XYZ2020', 'XYZ0957', 'XYZ0698', 'XYZ0155', 'XYZ0072', 'XYZ0878', 'XYZ1506', 'XYZ3936', 'XYZ2242', 'XYZ2327', 'XYZ0748', 'XYZ0775', 'XYZ4554', 'XYZ3128', 'XYZ1162', 'XYZ0631', 'XYZ4010', 'XYZ1870', 'XYZ0183', 'XYZ3648', 'XYZ1745', 'XYZ4449', 'XYZ1357', 'XYZ3665', 'XYZ2715', 'XYZ4442', 'XYZ4173', 'XYZ2471', 'XYZ2985', 'XYZ1651', 'XYZ3232', 'XYZ3696', 'XYZ3309', 'XYZ2661', 'XYZ2970', 'XYZ0314', 'XYZ1421', 'XYZ0208', 'XYZ3414', 'XYZ3098', 'XYZ2550', 'XYZ3230', 'XYZ1348', 'XYZ2943', 'XYZ1108', 'XYZ1165', 'XYZ3808', 'XYZ1498', 'XYZ2907', 'XYZ2461', 'XYZ3011', 'XYZ1406', 'XYZ3843', 'XYZ2683', 'XYZ3676', 'XYZ3155', 'XYZ3682', 'XYZ3869']]"
SVNIT,"[{'mo': 0, 'fo': 0, 'mr': 0, 'fr': 0, 'pwd': 1}, ['XYZ0474', 'XYZ1746', 'XYZ0799', 'XYZ2691', 'XYZ0693', 'XYZ0996', 'XYZ1850', 'XYZ4889', 'XYZ4071', 'XYZ1413', 'XYZ4071', 'XYZ3723', 'XYZ4605', 'XYZ1956', 'XYZ1259', 'XYZ0823', 'XYZ0456', 'XYZ0680', 'XYZ2569', 'XYZ2214', 'XYZ2396', 'XYZ4458', 'XYZ0916', 'XYZ2564', 'XYZ1848', 'XYZ4752', 'XYZ0098', 'XYZ0480', 'XYZ1049', 'XYZ4407', 'XYZ1500', 'XYZ2928', 'XYZ4285', 'XYZ4684', 'XYZ2403', 'XYZ1207', 'XYZ1433', 'XYZ3873', 'XYZ4048', 'XYZ0881', 'XYZ1410', 'XYZ4146', 'XYZ4305', 'XYZ2756', 'XYZ4586', 'XYZ1926', 'XYZ0422', 'XYZ2314', 'XYZ2899', 'XYZ1929', 'XYZ1487', 'XYZ0332', 'XYZ3090', 'XYZ2009', 'XYZ4965', 'XYZ0633', 'XYZ4011', 'XYZ0738', 'XYZ1534', 'XYZ3313', 'XYZ0330', 'XYZ2500', 'XYZ2584', 'XYZ1947', 'XYZ0460', 'XYZ2434', 'XYZ0935', 'XYZ1857', 'XYZ3907', 'XYZ1459', 'XYZ3249', 'XYZ4226', 'XYZ0601', 'XYZ3729', 'XYZ3752', 'XYZ3450', 'XYZ1185', 'XYZ3101', 'XYZ3350', 'XYZ1602', 'XYZ0255', 'XYZ3750', 'XYZ0482', 'XYZ0296', 'XYZ2399', 'XYZ3076', 'XYZ2451', 'XYZ3034', 'XYZ4266', 'XYZ1644', 'XYZ1484', 'XYZ2541', 'XYZ2472', 'XYZ3581', 'XYZ4609', 'XYZ0587', 'XYZ3483', 'XYZ4726', 'XYZ2159', 'XYZ2951', 'XYZ4356', 'XYZ4987', 'XYZ1116', 'XYZ4842', 'XYZ0765', 'XYZ2072', 'XYZ4882', 'XYZ1798', 'XYZ1082', 'XYZ4339', 'XYZ4934', 'XYZ0357', 'XYZ1682', 'XYZ4609', 'XYZ0246', 'XYZ1304']]","[{'mo': 0, 'fo': 0, 'mr': 0, 'fr': 0, 'pwd': 0}, ['XYZ0795', 'XYZ2020', 'XYZ4440', 'XYZ4297', 'XYZ1932', 'XYZ3580', 'XYZ1794', 'XYZ4804', 'XYZ0912', 'XYZ4429', 'XYZ2977', 'XYZ4732', 'XYZ3322', 'XYZ2845', 'XYZ0281', 'XYZ0772', 'XYZ3485', 'XYZ2342', 'XYZ4617', 'XYZ1073', 'XYZ1658', 'XYZ0500', 'XYZ1325', 'XYZ2978', 'XYZ0294', 'XYZ3782', 'XYZ0916', 'XYZ4673', 'XYZ0645', 'XYZ4774', 'XYZ2659', 'XYZ0828', 'XYZ0663', 'XYZ1930', 'XYZ1745', 'XYZ2350', 'XYZ4151', 'XYZ1748', 'XYZ1000', 'XYZ2627', 'XYZ2085', 'XYZ4776', 'XYZ1866', 'XYZ2609', 'XYZ3990', 'XYZ4233', 'XYZ2214', 'XYZ1082', 'XYZ0962', 'XYZ2782', 'XYZ1492', 'XYZ0923', 'XYZ4304', 'XYZ0762', 'XYZ1398', 'XYZ1228', 'XYZ1365', 'XYZ0787', 'XYZ0842', 'XYZ3297', 'XYZ3231', 'XYZ1389', 'XYZ0915', 'XYZ4068', 'XYZ0637', 'XYZ2323', 'XYZ1366', 'XYZ4242', 'XYZ3585', 'XYZ1597', 'XYZ0961', 'XYZ0251', 'XYZ2131', 'XYZ4716', 'XYZ3779']]","[{'mo': 0, 'fo': 0, 'mr': 0, 'fr': 0, 'pwd': 0}, []]","[{'mo': 0, 'fo': 0, 'mr': 0, 'fr': 0, 'pwd': 0}, ['XYZ0098', 'XYZ1924', 'XYZ4190', 'XYZ4835', 'XYZ3937', 'XYZ0408', 'XYZ2456', 'XYZ3154', 'XYZ0212', 'XYZ2519', 'XYZ3869', 'XYZ0557', 'XYZ2659', 'XYZ1497', 'XYZ0283', 'XYZ3028', 'XYZ4956', 'XYZ0501', 'XYZ0708', 'XYZ3912', 'XYZ2790', 'XYZ2659', 'XYZ1081', 'XYZ4672', 'XYZ2331', 'XYZ3124', 'XYZ0615', 'XYZ2544', 'XYZ4482', 'XYZ0638', 'XYZ1648', 'XYZ0165', 'XYZ3903', 'XYZ4573', 'XYZ4483', 'XYZ4819', 'XYZ3878', 'XYZ0784', 'XYZ4548', 'XYZ4636', 'XYZ3359', 'XYZ3241', 'XYZ1312', 'XYZ2018', 'XYZ0935', 'XYZ1211', 'XYZ4728', 'XYZ2240', 'XYZ4838', 'XYZ0875', 'XYZ3325', 'XYZ3260', 'XYZ2975', 'XYZ3830', 'XYZ4724', 'XYZ1919', 'XYZ2851', 'XYZ2582', 'XYZ3822', 'XYZ4250', 'XYZ4322', 'XYZ2663', 'XYZ1576', 'XYZ4675', 'XYZ0512', 'XYZ0997', 'XYZ3130', 'XYZ3300', 'XYZ1459', 'XYZ1984']]","[{'mo': 0, 'fo': 0, 'mr': 0, 'fr': 2, 'pwd': 3}, ['XYZ1085', 'XYZ2807', 'XYZ4359', 'XYZ0805', 'XYZ2466', 'XYZ2082', 'XYZ4115', 'XYZ1282', 'XYZ0797', 'XYZ4521', 'XYZ2366', 'XYZ4461', 'XYZ3549', 'XYZ1975', 'XYZ3645', 'XYZ2209', 'XYZ0983', 'XYZ2226', 'XYZ1705', 'XYZ1282', 'XYZ4206', 'XYZ2978', 'XYZ1438', 'XYZ2653', 'XYZ4874', 'XYZ3067', 'XYZ2650', 'XYZ1604', 'XYZ3738', 'XYZ4705', 'XYZ0249', 'XYZ2373', 'XYZ3472', 'XYZ2337', 'XYZ3514', 'XYZ3397', 'XYZ0040', 'XYZ4548', 'XYZ0868', 'XYZ1217', 'XYZ1866', 'XYZ3409', 'XYZ2052', 'XYZ1998', 'XYZ0550', 'XYZ3850', 'XYZ0257', 'XYZ1689', 'XYZ3230', 'XYZ0092', 'XYZ1817', 'XYZ4142', 'XYZ1803', 'XYZ1075', 'XYZ4386', 'XYZ4824', 'XYZ1381', 'XYZ0535', 'XYZ3110', 'XYZ2791', 'XYZ2196', 'XYZ3948', 'XYZ2259', 'XYZ4152', 'XYZ3541']]"
MNNIT,"[{'mo': 0, 'fo': 0, 'mr': 0, 'fr': 0, 'pwd': 0}, ['XYZ0984', 'XYZ1664', 'XYZ4368', 'XYZ4718', 'XYZ4007', 'XYZ2830', 'XYZ4186', 'XYZ4469', 'XYZ0621', 'XYZ2038', 'XYZ3151', 'XYZ3511', 'XYZ1578', 'XYZ0571', 'XYZ4496', 'XYZ1442', 'XYZ3151', 'XYZ2240', 'XYZ3505', 'XYZ2720', 'XYZ0992', 'XYZ2560', 'XYZ4528', 'XYZ0730', 'XYZ1815', 'XYZ3861', 'XYZ3679', 'XYZ2088', 'XYZ4542', 'XYZ0963', 'XYZ4299', 'XYZ1107', 'XYZ2998', 'XYZ3953', 'XYZ0736', 'XYZ3091', 'XYZ3784', 'XYZ0689', 'XYZ0642', 'XYZ1257', 'XYZ1467', 'XYZ2681', 'XYZ0107', 'XYZ3857', 'XYZ0622', 'XYZ2017', 'XYZ4068', 'XYZ2363', 'XYZ4697', 'XYZ0349', 'XYZ2770', 'XYZ2006', 'XYZ3679', 'XYZ4206', 'XYZ3339', 'XYZ2668', 'XYZ1370', 'XYZ3099', 'XYZ3013', 'XYZ2760', 'XYZ3831', 'XYZ2174', 'XYZ4651', 'XYZ2485', 'XYZ4635', 'XYZ1940', 'XYZ2053', 'XYZ1109', 'XYZ0293', 'XYZ4469', 'XYZ3263', 'XYZ1438', 'XYZ2878', 'XYZ4583', 'XYZ2260', 'XYZ4203', 'XYZ0696', 'XYZ4782', 'XYZ0944', 'XYZ0212', 'XYZ0510', 'XYZ4103', 'XYZ2011', 'XYZ0320', 'XYZ4741', 'XYZ1565', 'XYZ3384', 'XYZ1616', 'XYZ3684', 'XYZ0089', 'XYZ1927', 'XYZ0331', 'XYZ0564', 'XYZ2098', 'XYZ4476', 'XYZ3369', 'XYZ1870', 'XYZ4114', 'XYZ4831', 'XYZ3086', 'XYZ3240', 'XYZ2021', 'XYZ1974', 'XYZ2649', 'XYZ1236', 'XYZ0894', 'XYZ0052', 'XYZ1760', 'XYZ2880', 'XYZ0898', 'XYZ0229', 'XYZ0259', 'XYZ2399', 'XYZ3776', 'XYZ0583', 'XYZ2770', 'XYZ3855', 'XYZ4249', 'XYZ0866', 'XYZ2767', 'XYZ4075']]","[{'mo': 0, 'fo': 0, 'mr': 0, 'fr': 0, 'pwd': 2}, ['XYZ1239', 'XYZ2755', 'XYZ0057', 'XYZ2506', 'XYZ4909', 'XYZ2843', 'XYZ3811', 'XYZ4411', 'XYZ3976', 'XYZ4691', 'XYZ2954', 'XYZ0364', 'XYZ4286', 'XYZ1709', 'XYZ4625', 'XYZ1250', 'XYZ0264', 'XYZ0146', 'XYZ1834', 'XYZ4936', 'XYZ1438', 'XYZ1775', 'XYZ3844', 'XYZ1166', 'XYZ2212', 'XYZ2680', 'XYZ3843', 'XYZ3680', 'XYZ1002', 'XYZ4554', 'XYZ4733', 'XYZ4399', 'XYZ0286', 'XYZ3076', 'XYZ4580', 'XYZ0801', 'XYZ3198', 'XYZ1850', 'XYZ2376', 'XYZ2249', 'XYZ2324', 'XYZ0532', 'XYZ1828', 'XYZ1671', 'XYZ4029', 'XYZ1165', 'XYZ1552', 'XYZ4285', 'XYZ2827', 'XYZ3063', 'XYZ4625', 'XYZ1252', 'XYZ0475', 'XYZ1372', 'XYZ4922', 'XYZ2237', 'XYZ3821', 'XYZ2997', 'XYZ2120', 'XYZ0419', 'XYZ1675', 'XYZ2749', 'XYZ3999', 'XYZ2079', 'XYZ2850', 'XYZ1856', 'XYZ2018', 'XYZ2495', 'XYZ2623', 'XYZ0268', 'XYZ4094', 'XYZ3529', 'XYZ1077', 'XYZ3423', 'XYZ4707', 'XYZ2257', 'XYZ1505', 'XYZ3342', 'XYZ3640', 'XYZ4064', 'XYZ0917', 'XYZ4321', 'XYZ4433', 'XYZ2833', 'XYZ2015', 'XYZ4139', 'XYZ2566', 'XYZ4710', 'XYZ2922', 'XYZ4324', 'XYZ3810', 'XYZ0036', 'XYZ4715', 'XYZ3532', 'XYZ3853', 'XYZ0397', 'XYZ3481', 'XYZ1617']]","[{'mo': 0, 'fo': 0, 'mr': 0, 'fr': 0, 'pwd': 0}, []]","[{'mo': 0, 'fo': 0, 'mr': 0, 'fr': 0, 'pwd': 3}, ['XYZ0597', 'XYZ3763', 'XYZ3683', 'XYZ2307', 'XYZ3246', 'XYZ1048', 'XYZ4783', 'XYZ3266', 'XYZ2339', 'XYZ4036', 'XYZ2031', 'XYZ1918', 'XYZ4637', 'XYZ4311', 'XYZ0832', 'XYZ3001', 'XYZ3749', 'XYZ1986', 'XYZ1885', 'XYZ1454', 'XYZ3297', 'XYZ0942', 'XYZ2689', 'XYZ1201', 'XYZ4413', 'XYZ3291', 'XYZ3333', 'XYZ1576', 'XYZ1490', 'XYZ1627', 'XYZ0370', 'XYZ4587', 'XYZ3667', 'XYZ3682', 'XYZ2013', 'XYZ0032', 'XYZ2979', 'XYZ3547', 'XYZ2998', 'XYZ0497', 'XYZ3044', 'XYZ4002', 'XYZ3835', 'XYZ4884', 'XYZ3735', 'XYZ0564', 'XYZ4748', 'XYZ2965', 'XYZ1281', 'XYZ3865', 'XYZ0828', 'XYZ3395', 'XYZ0878', 'XYZ1466', 'XYZ2319', 'XYZ3154', 'XYZ1337', 'XYZ0139', 'XYZ1877', 'XYZ3278', 'XYZ4109', 'XYZ0232', 'XYZ3255']]","[{'mo': 0, 'fo': 0, 'mr': 6, 'fr': 2, 'pwd': 3}, ['XYZ3804', 'XYZ0620', 'XYZ2207', 'XYZ1275', 'XYZ2721', 'XYZ2812', 'XYZ1475', 'XYZ3998', 'XYZ0884', 'XYZ2281', 'XYZ1768', 'XYZ0924', 'XYZ3806', 'XYZ0127', 'XYZ2053', 'XYZ3140', 'XYZ0970', 'XYZ2945', 'XYZ1963', 'XYZ1172', 'XYZ0628', 'XYZ0517', 'XYZ4582', 'XYZ1242', 'XYZ2375', 'XYZ0955', 'XYZ0481', 'XYZ0638', 'XYZ1337', 'XYZ4329', 'XYZ0331', 'XYZ0844', 'XYZ2874', 'XYZ3220', 'XYZ0290', 'XYZ1411', 'XYZ1157', 'XYZ4815', 'XYZ1757', 'XYZ3767', 'XYZ0479', 'XYZ1003', 'XYZ2514', 'XYZ1086', 'XYZ2050', 'XYZ3066', 'XYZ1912', 'XYZ2773', 'XYZ0751', 'XYZ0018', 'XYZ0394', 'XYZ2964', 'XYZ2072', 'XYZ0116', 'XYZ3633', 'XYZ0055', 'XYZ2313', 'XYZ4158', 'XYZ4030', 'XYZ4091', 'XYZ0127', 'XYZ0949', 'XYZ3247', 'XYZ0277']]"
